timestamp,EAR_left,EAR_right,EAR_avg,MAR,pitch,yaw,roll,level,level_name
1783185428.1651084,0.32499492,0.32836884,0.32668188,0.29716364,0.0,0.0,0.0,0,ALERT
1783185428.2025256,0.32991862,0.297283,0.3136008,0.344023,0.0,0.0,0.0,0,ALERT
1783185428.2242494,0.2788193,0.33472407,0.30677167,0.34012008,0.0,0.0,0.0,0,ALERT
1783185428.2525556,0.36671022,0.32125825,0.34398425,0.40187564,0.0,0.0,0.0,0,ALERT
1783185428.2733338,0.27928042,0.33191666,0.30559853,0.4475184,0.0,0.0,0.0,0,ALERT
1783185428.297199,0.31704774,0.32773823,0.322393,0.3214559,0.0,0.0,0.0,0,ALERT
1783185428.3227065,0.2659858,0.3517419,0.30886385,0.3771338,0.0,0.0,0.0,0,ALERT
1783185428.3370442,0.33318692,0.37513408,0.3541605,0.31599894,0.0,0.0,0.0,0,ALERT
1783185428.3695745,0.36462906,0.37813744,0.37138325,0.3673818,0.0,0.0,0.0,0,ALERT
1783185428.392193,0.38094553,0.3238365,0.352391,0.48994535,0.0,0.0,0.0,0,ALERT
1783185428.4299636,0.33501107,0.35838157,0.34669632,0.41387913,0.0,0.0,0.0,0,ALERT
1783185428.461999,0.3541135,0.37846813,0.3662908,0.4421921,0.0,0.0,0.0,0,ALERT
1783185428.493844,0.38725114,0.38372028,0.3854857,0.4369215,0.0,0.0,0.0,0,ALERT
1783185428.52609,0.35340104,0.32409704,0.33874905,0.41712388,0.0,0.0,0.0,0,ALERT
1783185428.5579746,0.37008464,0.39099988,0.38054228,0.5088935,0.0,0.0,0.0,0,ALERT
1783185428.589961,0.37120867,0.37315696,0.37218282,0.4615143,0.0,0.0,0.0,0,ALERT
1783185428.621978,0.36551362,0.31819943,0.3418565,0.5344538,0.0,0.0,0.0,0,ALERT
1783185428.6548452,0.36607158,0.33733717,0.35170436,0.32427412,0.0,0.0,0.0,0,ALERT
1783185428.686802,0.34310916,0.3947516,0.3689304,0.4652653,0.0,0.0,0.0,0,ALERT
1783185428.7180889,0.3638454,0.39055884,0.37720212,0.34119675,0.0,0.0,0.0,0,ALERT
1783185428.7372952,0.34859687,0.36298373,0.35579032,0.50296193,0.0,0.0,0.0,0,ALERT
1783185428.7820764,0.35734284,0.3907041,0.37402347,0.48208398,0.0,0.0,0.0,0,ALERT
1783185428.8302937,0.33284643,0.37629148,0.35456896,0.44504339,0.0,0.0,0.0,0,ALERT
1783185428.861922,0.37819818,0.35570708,0.36695263,0.37558204,0.0,0.0,0.0,0,ALERT
1783185428.8939831,0.32243744,0.3428581,0.33264777,0.56959665,0.0,0.0,0.0,0,ALERT
1783185428.9104104,0.35645455,0.3860677,0.37126112,0.33914977,0.0,0.0,0.0,0,ALERT
1783185428.9590847,0.3277882,0.3650431,0.34641564,0.33395007,0.0,0.0,0.0,0,ALERT
1783185428.9898674,0.35540485,0.35591492,0.3556599,0.35059646,0.0,0.0,0.0,0,ALERT
1783185429.0063224,0.354318,0.37690425,0.36561114,0.44590655,0.0,0.0,0.0,0,ALERT
1783185429.2168362,0.30354807,0.3164712,0.31000963,0.28460306,0.0,0.0,0.0,0,ALERT
1783185429.238996,0.3322865,0.362357,0.34732175,0.49454007,0.0,0.0,0.0,0,ALERT
1783185429.272707,0.33544034,0.31764492,0.32654262,0.33450648,0.0,0.0,0.0,0,ALERT
1783185429.2958066,0.25593677,0.22593379,0.24093528,0.4760139,0.0,0.0,0.0,0,ALERT
1783185429.3187652,0.23535492,0.20209129,0.2187231,0.4001962,0.0,0.0,0.0,0,ALERT
1783185429.3393662,0.14820945,0.22623006,0.18721975,0.34455034,0.0,0.0,0.0,0,ALERT
1783185429.36738,0.27009803,0.13013469,0.20011637,0.5310124,0.0,0.0,0.0,0,ALERT
1783185429.3932853,0.23833805,0.10728049,0.17280927,0.41037327,0.0,0.0,0.0,0,ALERT
1783185429.4204683,0.1420546,0.33844677,0.24025068,0.4751002,0.0,0.0,0.0,0,ALERT
1783185429.4393957,0.29632026,0.40953434,0.3529273,0.4511202,0.0,0.0,0.0,0,ALERT
1783185429.486581,0.25332388,0.31405136,0.28368762,0.37674665,0.0,0.0,0.0,0,ALERT
1783185429.5165951,0.30618498,0.27046147,0.28832322,0.4096679,0.0,0.0,0.0,0,ALERT
1783185429.5393615,0.30074644,0.3230835,0.31191495,0.37507525,0.0,0.0,0.0,0,ALERT
1783185429.5810971,0.21273638,0.38914716,0.30094177,0.44022545,0.0,0.0,0.0,0,ALERT
1783185429.6306822,0.29601878,0.32471153,0.31036514,0.35486668,0.0,0.0,0.0,0,ALERT
1783185429.6625106,0.32648998,0.27132902,0.29890952,0.3693436,0.0,0.0,0.0,0,ALERT
1783185429.6946166,0.2793166,0.29828665,0.2888016,0.4311526,0.0,0.0,0.0,0,ALERT
1783185429.7264867,0.31676772,0.32676834,0.32176805,0.3496691,0.0,0.0,0.0,0,ALERT
1783185429.7580292,0.18254334,0.34147498,0.26200917,0.34111705,0.0,0.0,0.0,0,ALERT
1783185429.772828,0.31466916,0.35688233,0.33577573,0.32042387,0.0,0.0,0.0,0,ALERT
1783185429.8215017,0.3142375,0.37299737,0.34361744,0.39044082,0.0,0.0,0.0,0,ALERT
1783185429.8394098,0.2866299,0.32876772,0.30769882,0.45171228,0.0,0.0,0.0,0,ALERT
1783185429.8856344,0.27936104,0.3186968,0.29902893,0.5007713,0.0,0.0,0.0,0,ALERT
1783185429.916611,0.34280148,0.35874835,0.3507749,0.40191916,0.0,0.0,0.0,0,ALERT
1783185429.939383,0.29408365,0.39761937,0.3458515,0.4063457,0.0,0.0,0.0,0,ALERT
1783185429.9821258,0.281745,0.4009635,0.34135422,0.6059377,0.0,0.0,0.0,0,ALERT
1783185430.0296867,0.25970146,0.37524623,0.31747386,0.53290236,0.0,0.0,0.0,0,ALERT
1783185430.0625246,0.31733796,0.35787913,0.33760855,0.649282,0.0,0.0,0.0,0,ALERT
1783185430.0946288,0.3292781,0.3719339,0.350606,0.7246653,0.0,0.0,0.0,0,ALERT
1783185430.1264791,0.2541932,0.40549093,0.32984206,0.6371886,0.0,0.0,0.0,0,ALERT
1783185430.1584785,0.2563198,0.36037752,0.30834866,0.49894613,0.0,0.0,0.0,0,ALERT
1783185430.1894612,0.28511786,0.3720089,0.3285634,0.45249718,0.0,0.0,0.0,0,ALERT
1783185430.2048888,0.27503037,0.34864926,0.31183982,0.64397496,0.0,0.0,0.0,1,DROWSY
1783185430.2618916,0.29524556,0.32176307,0.3085043,0.4756212,0.0,0.0,0.0,1,DROWSY
1783185430.2903821,0.31126785,0.34396556,0.3276167,0.46397367,0.0,0.0,0.0,1,DROWSY
1783185430.3869717,0.34027833,0.39775953,0.3690189,0.50714463,0.0,0.0,0.0,1,DROWSY
1783185430.4107175,0.31207314,0.3116062,0.31183967,0.4758702,0.0,0.0,0.0,1,DROWSY
1783185430.43668,0.30366054,0.36720082,0.33543068,0.40466523,0.0,0.0,0.0,1,DROWSY
1783185430.4586966,0.3059816,0.38208905,0.34403533,0.4446617,0.0,0.0,0.0,0,ALERT
1783185430.4820101,0.32017782,0.31575254,0.31796518,0.35489517,0.0,0.0,0.0,0,ALERT
1783185430.5063481,0.28812584,0.26772353,0.2779247,0.38920885,0.0,0.0,0.0,0,ALERT
1783185430.527297,0.23326649,0.35440576,0.29383612,0.41129458,0.0,0.0,0.0,0,ALERT
1783185430.5565658,0.3053197,0.24392566,0.27462268,0.42331725,0.0,0.0,0.0,0,ALERT
1783185430.5905614,0.30207664,0.27209195,0.28708428,0.29175618,0.0,0.0,0.0,0,ALERT
1783185430.622404,0.31354028,0.32705924,0.32029977,0.51992106,0.0,0.0,0.0,0,ALERT
1783185430.6565402,0.2611127,0.37016138,0.31563705,0.36623934,0.0,0.0,0.0,0,ALERT
1783185430.686598,0.26924017,0.33613336,0.30268678,0.45993397,0.0,0.0,0.0,0,ALERT
1783185430.7165425,0.3150659,0.39161327,0.35333958,0.35649067,0.0,0.0,0.0,0,ALERT
1783185430.7407925,0.27813348,0.38618138,0.33215743,0.41623905,0.0,0.0,0.0,0,ALERT
1783185430.7825673,0.26592276,0.3427206,0.30432168,0.5002239,0.0,0.0,0.0,0,ALERT
1783185430.8307614,0.18054403,0.35589305,0.26821852,0.3159298,0.0,0.0,0.0,0,ALERT
1783185430.862561,0.22555247,0.32528472,0.2754186,0.3255039,0.0,0.0,0.0,0,ALERT
1783185430.878857,0.23268358,0.34043273,0.28655815,0.42371598,0.0,0.0,0.0,0,ALERT
1783185430.9264715,0.25272897,0.36410835,0.30841866,0.43054435,0.0,0.0,0.0,0,ALERT
1783185430.9584763,0.2668626,0.33765283,0.30225772,0.33223236,0.0,0.0,0.0,0,ALERT
1783185430.9889235,0.2484262,0.28869504,0.26856062,0.34961253,0.0,0.0,0.0,0,ALERT
1783185431.0213637,0.21670927,0.3288341,0.2727717,0.47234523,0.0,0.0,0.0,0,ALERT
1783185431.0567486,0.20031653,0.33991647,0.2701165,0.595038,0.0,0.0,0.0,0,ALERT
1783185431.090219,0.21697454,0.36048612,0.28873032,0.34937614,0.0,0.0,0.0,0,ALERT
1783185431.1229975,0.22237186,0.34563646,0.28400415,0.42233694,0.0,0.0,0.0,0,ALERT
1783185431.1413603,0.22640641,0.37730816,0.3018573,0.31463495,0.0,0.0,0.0,0,ALERT
1783185431.1827145,0.1276116,0.37630334,0.25195748,0.49153978,0.0,0.0,0.0,0,ALERT
1783185431.230663,0.24976115,0.35308978,0.30142546,0.48498887,0.0,0.0,0.0,0,ALERT
1783185431.2625296,0.19220133,0.35303396,0.27261764,0.40340766,0.0,0.0,0.0,0,ALERT
1783185431.2925804,0.28331703,0.3365536,0.30993533,0.54738194,0.0,0.0,0.0,0,ALERT
1783185431.3264773,0.3154319,0.33490163,0.32516676,0.47627082,0.0,0.0,0.0,0,ALERT
1783185431.3585033,0.24320318,0.2817103,0.26245674,0.48306307,0.0,0.0,0.0,0,ALERT
1783185431.3885236,0.146814,0.32353842,0.23517622,0.4248931,0.0,0.0,0.0,0,ALERT
1783185431.4205859,0.2394271,0.30526677,0.27234694,0.31924948,0.0,0.0,0.0,0,ALERT
1783185431.4574652,0.16551523,0.263925,0.21472012,0.27203378,0.0,0.0,0.0,0,ALERT
1783185431.47084,0.137727,0.29646173,0.21709438,0.3229045,0.0,0.0,0.0,0,ALERT
1783185431.5167818,0.05479792,0.2578682,0.15633306,0.27359405,0.0,0.0,0.0,0,ALERT
1783185431.5419378,0.14045367,0.29850718,0.21948043,0.34532806,0.0,0.0,0.0,0,ALERT
1783185431.5804908,0.11537532,0.30871177,0.21204354,0.31193042,0.0,0.0,0.0,0,ALERT
1783185431.6309037,0.08020949,0.3002063,0.1902079,0.37805519,0.0,0.0,0.0,0,ALERT
1783185431.662557,0.19616883,0.24562679,0.22089781,0.34314686,0.0,0.0,0.0,1,DROWSY
1783185431.6925535,0.18609574,0.30316526,0.2446305,0.32224703,0.0,0.0,0.0,1,DROWSY
1783185431.7245667,0.23077238,0.24943537,0.24010387,0.3478193,0.0,0.0,0.0,1,DROWSY
1783185431.7585359,0.18455313,0.30748266,0.24601789,0.3862107,0.0,0.0,0.0,1,DROWSY
1783185431.7905889,0.15445776,0.2639305,0.20919414,0.47852197,0.0,0.0,0.0,1,DROWSY
1783185431.820483,0.11604286,0.29932833,0.20768559,0.40785033,0.0,0.0,0.0,1,DROWSY
1783185431.857535,0.07569233,0.26730072,0.17149654,0.3176991,0.0,0.0,0.0,1,DROWSY
1783185431.885635,0.10018578,0.2039498,0.1520678,0.49069607,0.0,0.0,0.0,1,DROWSY
1783185431.9008443,0.1374486,0.27652675,0.20698768,0.4101888,0.0,0.0,0.0,1,DROWSY
1783185431.941942,0.1932672,0.2645042,0.2288857,0.44179145,0.0,0.0,0.0,1,DROWSY
1783185431.980576,0.100730106,0.28124547,0.19098778,0.40569595,0.0,0.0,0.0,1,DROWSY
1783185432.029966,0.21387939,0.23437019,0.22412479,0.4455425,0.0,0.0,0.0,1,DROWSY
1783185432.0606863,0.16107182,0.2591824,0.2101271,0.3530549,0.0,0.0,0.0,1,DROWSY
1783185432.0937326,0.14757022,0.27486613,0.21121818,0.3828505,0.0,0.0,0.0,1,DROWSY
1783185432.12552,0.20072338,0.28167835,0.24120086,0.45722088,0.0,0.0,0.0,1,DROWSY
1783185432.1574984,0.20488639,0.2830231,0.24395475,0.34635204,0.0,0.0,0.0,1,DROWSY
1783185432.189651,0.19572648,0.24974488,0.22273567,0.57794374,0.0,0.0,0.0,1,DROWSY
1783185432.2216225,0.15781714,0.27382112,0.21581914,0.30012572,0.0,0.0,0.0,1,DROWSY
1783185432.2419677,0.10240253,0.29657403,0.19948828,0.39109164,0.0,0.0,0.0,1,DROWSY
1783185432.2845285,0.15516208,0.19180049,0.17348129,0.59017867,0.0,0.0,0.0,1,DROWSY
1783185432.3185575,0.21556516,0.2742211,0.24489313,0.41545045,0.0,0.0,0.0,1,DROWSY
1783185432.34207,0.08864512,0.18133815,0.13499163,0.29548484,0.0,0.0,0.0,1,DROWSY
1783185432.3804102,0.16044025,0.20618287,0.18331155,0.44685867,0.0,0.0,0.0,1,DROWSY
1783185432.4291525,0.14542116,0.1294621,0.13744164,0.34917754,0.0,0.0,0.0,1,DROWSY
1783185432.4626317,0.05696223,0.27676672,0.16686447,0.38777778,0.0,0.0,0.0,1,DROWSY
1783185432.4944925,0.077546954,0.18611988,0.13183342,0.4070759,0.0,0.0,0.0,1,DROWSY
1783185432.526545,0.21353932,0.25917223,0.23635577,0.4767588,0.0,0.0,0.0,1,DROWSY
1783185432.5580115,0.17240933,0.260896,0.21665268,0.3760541,0.0,0.0,0.0,1,DROWSY
1783185432.588576,0.17164567,0.14078394,0.1562148,0.44146395,0.0,0.0,0.0,1,DROWSY
1783185432.6205087,0.16689882,0.28172615,0.22431248,0.34359175,0.0,0.0,0.0,1,DROWSY
1783185432.6580842,0.13398753,0.27245584,0.2032217,0.36762857,0.0,0.0,0.0,1,DROWSY
1783185432.6866357,0.15750872,0.27728352,0.21739613,0.34070536,0.0,0.0,0.0,1,DROWSY
1783185432.7165709,0.19901177,0.2675353,0.23327354,0.3433655,0.0,0.0,0.0,1,DROWSY
1783185432.7427416,0.22858466,0.18339469,0.20598967,0.46186453,0.0,0.0,0.0,1,DROWSY
1783185432.7965193,0.26540613,0.31253648,0.2889713,0.49692935,0.0,0.0,0.0,1,DROWSY
1783185432.8285224,0.14114313,0.25916454,0.20015384,0.3739966,0.0,0.0,0.0,1,DROWSY
1783185432.8613307,0.19878168,0.2700822,0.23443194,0.44940218,0.0,0.0,0.0,1,DROWSY
1783185432.8945901,0.17950328,0.25907248,0.21928789,0.35935807,0.0,0.0,0.0,1,DROWSY
1783185432.910925,0.23103121,0.29984334,0.26543728,0.413387,0.0,0.0,0.0,1,DROWSY
1783185432.944015,0.13619952,0.31203568,0.2241176,0.38110274,0.0,0.0,0.0,1,DROWSY
1783185432.9748523,0.11819601,0.25892144,0.18855873,0.5471455,0.0,0.0,0.0,1,DROWSY
1783185433.0225725,0.15381119,0.2967909,0.22530104,0.33378744,0.0,0.0,0.0,1,DROWSY
1783185433.0585713,0.121306606,0.23277193,0.17703927,0.5046638,0.0,0.0,0.0,1,DROWSY
1783185433.0864048,0.09431299,0.24348329,0.16889814,0.35507348,0.0,0.0,0.0,1,DROWSY
1783185433.1018581,0.22391412,0.364096,0.29400504,0.41854215,0.0,0.0,0.0,1,DROWSY
1783185433.142875,0.2425705,0.2895301,0.2660503,0.3435821,0.0,0.0,0.0,1,DROWSY
1783185433.1964417,0.18150148,0.27023783,0.22586966,0.34472442,0.0,0.0,0.0,1,DROWSY
1783185433.2294905,0.17250687,0.28545186,0.22897936,0.47133237,0.0,0.0,0.0,1,DROWSY
1783185433.2610853,0.24411716,0.23476562,0.23944138,0.33519438,0.0,0.0,0.0,1,DROWSY
1783185433.2926188,0.15389805,0.1627767,0.15833737,0.46869427,0.0,0.0,0.0,1,DROWSY
1783185433.3265228,0.16504407,0.22065513,0.19284959,0.37668937,0.0,0.0,0.0,1,DROWSY
1783185433.3585477,0.24461299,0.2403554,0.2424842,0.36250353,0.0,0.0,0.0,1,DROWSY
1783185433.3904715,0.19529988,0.2292265,0.21226318,0.4316832,0.0,0.0,0.0,1,DROWSY
1783185433.4048996,0.20753993,0.23890318,0.22322156,0.5175019,0.0,0.0,0.0,1,DROWSY
1783185433.442898,0.17757854,0.3060093,0.24179392,0.31714517,0.0,0.0,0.0,1,DROWSY
1783185433.4708312,0.18512477,0.27564457,0.23038466,0.4723241,0.0,0.0,0.0,1,DROWSY
1783185433.6283524,0.21298711,0.32700667,0.26999688,0.3161754,0.0,0.0,0.0,1,DROWSY
1783185433.6949744,0.31181616,0.27402896,0.29292256,0.3387833,0.0,0.0,0.0,1,DROWSY
1783185433.7265546,0.2766663,0.2886191,0.2826427,0.34524104,0.0,0.0,0.0,1,DROWSY
1783185433.7595713,0.15752952,0.23862441,0.19807696,0.59369236,0.0,0.0,0.0,1,DROWSY
1783185433.7906384,0.23316713,0.25813168,0.2456494,0.68122697,0.0,0.0,0.0,1,DROWSY
1783185433.8225198,0.24701157,0.24308397,0.24504778,0.34467036,0.0,0.0,0.0,1,DROWSY
1783185433.8586934,0.31869707,0.30684483,0.31277096,0.37709755,0.0,0.0,0.0,1,DROWSY
1783185433.8865235,0.28748956,0.2777666,0.28262806,0.39844605,0.0,0.0,0.0,1,DROWSY
1783185433.9165797,0.27926522,0.25441954,0.26684237,0.5434501,0.0,0.0,0.0,1,DROWSY
1783185433.9433348,0.27798092,0.31787437,0.29792765,0.22940254,0.0,0.0,0.0,1,DROWSY
1783185433.9825063,0.25170127,0.28432858,0.2680149,0.3255648,0.0,0.0,0.0,1,DROWSY
1783185434.028376,0.24547099,0.31097934,0.27822518,0.52698433,0.0,0.0,0.0,1,DROWSY
1783185434.0621378,0.2003607,0.1949173,0.197639,0.37162432,0.0,0.0,0.0,1,DROWSY
1783185434.0942879,0.22415264,0.28828916,0.2562209,0.5107433,0.0,0.0,0.0,1,DROWSY
1783185434.1247377,0.24732743,0.26276934,0.2550484,0.41022864,0.0,0.0,0.0,1,DROWSY
1783185434.1433802,0.24906878,0.28730658,0.26818767,0.30096388,0.0,0.0,0.0,1,DROWSY
1783185434.19078,0.29262218,0.2823289,0.28747553,0.3652956,0.0,0.0,0.0,1,DROWSY
1783185434.220573,0.17142384,0.27253613,0.22197998,0.36435696,0.0,0.0,0.0,1,DROWSY
1783185434.2580533,0.19976489,0.2713055,0.2355352,0.3682368,0.0,0.0,0.0,1,DROWSY
1783185434.2939878,0.19862284,0.2630277,0.23082528,0.35508567,0.0,0.0,0.0,1,DROWSY
1783185434.3906145,0.2806065,0.25202423,0.26631537,0.4805638,0.0,0.0,0.0,1,DROWSY
1783185434.419929,0.13816771,0.26846665,0.20331718,0.30947533,0.0,0.0,0.0,1,DROWSY
1783185434.4245532,0.22955647,0.25585383,0.24270515,0.3567162,0.0,0.0,0.0,1,DROWSY
1783185434.4602122,0.16108873,0.28730986,0.2241993,0.3722618,0.0,0.0,0.0,1,DROWSY
1783185434.4852576,0.22354609,0.282225,0.25288555,0.3151823,0.0,0.0,0.0,1,DROWSY
1783185434.5077004,0.18936677,0.259965,0.22466588,0.28238106,0.0,0.0,0.0,1,DROWSY
1783185434.5320258,0.22827859,0.27059215,0.24943538,0.37922782,0.0,0.0,0.0,1,DROWSY
1783185434.559058,0.21312933,0.29589882,0.25451407,0.392802,0.0,0.0,0.0,1,DROWSY
1783185434.588545,0.22451867,0.2547507,0.23963468,0.29342055,0.0,0.0,0.0,1,DROWSY
1783185434.6067863,0.15616193,0.3015929,0.22887741,0.38260135,0.0,0.0,0.0,1,DROWSY
1783185434.6590118,0.22261016,0.21831948,0.22046483,0.36174026,0.0,0.0,0.0,1,DROWSY
1783185434.686454,0.24630792,0.20245777,0.22438285,0.37287617,0.0,0.0,0.0,1,DROWSY
1783185434.71859,0.2427182,0.32111666,0.28191745,0.33963093,0.0,0.0,0.0,1,DROWSY
1783185434.7433116,0.17244153,0.261304,0.21687275,0.40345073,0.0,0.0,0.0,1,DROWSY
1783185434.7965019,0.26386735,0.27310926,0.2684883,0.35081282,0.0,0.0,0.0,1,DROWSY
1783185434.8285434,0.21769689,0.20818192,0.2129394,0.33937332,0.0,0.0,0.0,1,DROWSY
1783185434.861981,0.2505039,0.2509672,0.25073555,0.32166997,0.0,0.0,0.0,1,DROWSY
1783185434.8926067,0.2903374,0.26765725,0.27899733,0.4348864,0.0,0.0,0.0,1,DROWSY
1783185434.9267426,0.20106934,0.29243562,0.24675249,0.28828487,0.0,0.0,0.0,1,DROWSY
1783185434.9590771,0.28396186,0.27214476,0.2780533,0.27088717,0.0,0.0,0.0,1,DROWSY
1783185434.990529,0.23137285,0.22311565,0.22724424,0.33407584,0.0,0.0,0.0,1,DROWSY
1783185435.0205219,0.25198105,0.2821092,0.2670451,0.34064615,0.0,0.0,0.0,1,DROWSY
1783185435.0589895,0.1924722,0.26457953,0.22852588,0.38039288,0.0,0.0,0.0,1,DROWSY
1783185435.0866542,0.24958128,0.25772843,0.25365484,0.31664357,0.0,0.0,0.0,1,DROWSY
1783185435.1164844,0.2773141,0.28595263,0.28163335,0.2866046,0.0,0.0,0.0,1,DROWSY
1783185435.1432714,0.16894102,0.2831265,0.22603376,0.33156103,0.0,0.0,0.0,1,DROWSY
1783185435.1649501,0.19917944,0.3079293,0.25355437,0.30822426,0.0,0.0,0.0,1,DROWSY
1783185435.2284772,0.06412227,0.26594278,0.16503254,0.30090284,0.0,0.0,0.0,1,DROWSY
1783185435.2620778,0.14877272,0.31556278,0.23216775,0.30013803,0.0,0.0,0.0,1,DROWSY
1783185435.2946007,0.18710251,0.28947067,0.2382866,0.27993947,0.0,0.0,0.0,1,DROWSY
1783185435.3269114,0.18056794,0.32284862,0.2517083,0.32923013,0.0,0.0,0.0,1,DROWSY
1783185435.3590972,0.15495002,0.31913587,0.23704295,0.29638785,0.0,0.0,0.0,1,DROWSY
1783185435.38959,0.17697403,0.32132605,0.24915004,0.4053051,0.0,0.0,0.0,1,DROWSY
1783185435.4215808,0.13731502,0.28683984,0.21207744,0.34115943,0.0,0.0,0.0,1,DROWSY
1783185435.443397,0.18902387,0.31708878,0.25305632,0.4325776,0.0,0.0,0.0,1,DROWSY
1783185435.4865272,0.14621983,0.23854367,0.19238175,0.44743383,0.0,0.0,0.0,1,DROWSY
1783185435.5185075,0.22690144,0.31921706,0.27305925,0.44667542,0.0,0.0,0.0,1,DROWSY
1783185435.5433595,0.25094962,0.33428663,0.29261813,0.38081318,0.0,0.0,0.0,1,DROWSY
1783185435.5805645,0.27279958,0.25982553,0.26631254,0.39432073,0.0,0.0,0.0,1,DROWSY
1783185435.6284502,0.19702971,0.30076697,0.24889834,0.30566165,0.0,0.0,0.0,1,DROWSY
1783185435.6619723,0.19277501,0.25727984,0.22502743,0.51185435,0.0,0.0,0.0,1,DROWSY
1783185435.6925411,0.19099984,0.22979802,0.21039893,0.5865819,0.0,0.0,0.0,1,DROWSY
1783185435.7275538,0.2591275,0.32652968,0.2928286,0.4930675,0.0,0.0,0.0,1,DROWSY
1783185435.7590218,0.25807488,0.34158382,0.29982936,0.7345759,0.0,0.0,0.0,1,DROWSY
1783185435.7748587,0.22325489,0.32045537,0.27185512,0.6870983,0.0,0.0,0.0,1,DROWSY
1783185435.8226724,0.2419173,0.27225924,0.25708827,0.7644668,0.0,0.0,0.0,1,DROWSY
1783185435.8434093,0.18414983,0.2768401,0.23049496,0.74069846,0.0,0.0,0.0,1,DROWSY
1783185435.886445,0.2303153,0.23191904,0.23111717,0.7170065,0.0,0.0,0.0,1,DROWSY
1783185435.916648,0.17653078,0.3015435,0.23903714,0.7703079,0.0,0.0,0.0,1,DROWSY
1783185435.9432626,0.15426874,0.2391674,0.19671807,0.78054667,0.0,0.0,0.0,1,DROWSY
1783185435.9806187,0.11359763,0.12647533,0.12003648,0.47626555,0.0,0.0,0.0,1,DROWSY
1783185436.0285282,0.17501386,0.14428757,0.15965071,0.70239115,0.0,0.0,0.0,1,DROWSY
1783185436.061951,0.17819151,0.23294406,0.20556778,0.63576925,0.0,0.0,0.0,1,DROWSY
1783185436.092605,0.2370486,0.080715984,0.15888229,0.5115314,0.0,0.0,0.0,1,DROWSY
1783185436.1269855,0.22852772,0.21022172,0.21937472,0.47157106,0.0,0.0,0.0,1,DROWSY
1783185436.143485,0.1934249,0.18089582,0.18716036,0.4996667,0.0,0.0,0.0,1,DROWSY
1783185436.190734,0.12333262,0.22987807,0.17660534,0.43523896,0.0,0.0,0.0,1,DROWSY
1783185436.221663,0.17719221,0.16150579,0.169349,0.39342907,0.0,0.0,0.0,1,DROWSY
1783185436.2438493,0.13272443,0.16512674,0.14892559,0.41658312,0.0,0.0,0.0,1,DROWSY
1783185436.2846014,0.21788648,0.111834474,0.16486047,0.2944,0.0,0.0,0.0,1,DROWSY
1783185436.318457,0.22477652,0.115086935,0.16993172,0.36280337,0.0,0.0,0.0,1,DROWSY
1783185436.3438478,0.21810326,0.23328635,0.2256948,0.285462,0.0,0.0,0.0,1,DROWSY
1783185436.3809102,0.116735175,0.18697383,0.1518545,0.44483942,0.0,0.0,0.0,1,DROWSY
1783185436.4306622,0.20037943,0.13840763,0.16939354,0.33811605,0.0,0.0,0.0,1,DROWSY
1783185436.4605937,0.10693133,0.10803405,0.10748269,0.329863,0.0,0.0,0.0,1,DROWSY
1783185436.492592,0.1720279,0.1255495,0.14878869,0.29309103,0.0,0.0,0.0,1,DROWSY
1783185436.5269556,0.13075067,0.11127639,0.12101353,0.3396114,0.0,0.0,0.0,1,DROWSY
1783185436.5607505,0.20168172,0.14217523,0.17192848,0.34384677,0.0,0.0,0.0,1,DROWSY
1783185436.590601,0.17173104,0.12367725,0.14770415,0.28226385,0.0,0.0,0.0,1,DROWSY
1783185436.6228054,0.12155094,0.1437919,0.13267142,0.2668864,0.0,0.0,0.0,1,DROWSY
1783185436.6443992,0.1754957,0.14137591,0.1584358,0.28132024,0.0,0.0,0.0,1,DROWSY
1783185436.6865528,0.17619358,0.123953104,0.15007335,0.28020555,0.0,0.0,0.0,1,DROWSY
1783185436.7165484,0.15319188,0.113783725,0.1334878,0.25149852,0.0,0.0,0.0,1,DROWSY
1783185436.744394,0.1532761,0.11151181,0.13239396,0.28853974,0.0,0.0,0.0,1,DROWSY
1783185436.7965126,0.19521596,0.13168052,0.16344824,0.34456307,0.0,0.0,0.0,1,DROWSY
1783185436.828568,0.18747494,0.11531841,0.15139668,0.3491834,0.0,0.0,0.0,1,DROWSY
1783185436.8605027,0.1649041,0.12244212,0.1436731,0.29355127,0.0,0.0,0.0,1,DROWSY
1783185436.8924708,0.17944148,0.13895488,0.15919818,0.25486365,0.0,0.0,0.0,1,DROWSY
1783185436.9244983,0.2320429,0.13722673,0.18463482,0.3056424,0.0,0.0,0.0,1,DROWSY
1783185436.9450326,0.23665419,0.12823497,0.18244457,0.2951393,0.0,0.0,0.0,1,DROWSY
1783185436.9905086,0.21615314,0.13585071,0.17600192,0.28764835,0.0,0.0,0.0,1,DROWSY
1783185437.0068185,0.20623632,0.14167637,0.17395635,0.28904513,0.0,0.0,0.0,1,DROWSY
1783185437.0451095,0.1571477,0.15692356,0.15703563,0.21302241,0.0,0.0,0.0,1,DROWSY
1783185437.0845268,0.17904262,0.17856693,0.17880479,0.27117124,0.0,0.0,0.0,1,DROWSY
1783185437.1027768,0.24623953,0.11603824,0.18113889,0.29872525,0.0,0.0,0.0,1,DROWSY
1783185437.1453261,0.22292782,0.13363887,0.17828335,0.2819686,0.0,0.0,0.0,1,DROWSY
1783185437.1825051,0.21120133,0.1483927,0.17979701,0.26850072,0.0,0.0,0.0,1,DROWSY
1783185437.2305894,0.24517573,0.10709115,0.17613344,0.32347935,0.0,0.0,0.0,2,HIGHLY DROWSY
1783185437.2610106,0.18131359,0.16812082,0.1747172,0.27352422,0.0,0.0,0.0,2,HIGHLY DROWSY
1783185437.292491,0.17429051,0.11018622,0.14223836,0.266294,0.0,0.0,0.0,2,HIGHLY DROWSY
1783185437.3223088,0.20833299,0.1704331,0.18938304,0.23516488,0.0,0.0,0.0,2,HIGHLY DROWSY
1783185437.3455977,0.2036236,0.1028924,0.153258,0.3005446,0.0,0.0,0.0,2,HIGHLY DROWSY
1783185437.37302,0.23354834,0.13269278,0.18312056,0.47098887,0.0,0.0,0.0,2,HIGHLY DROWSY
1783185437.422672,0.19960667,0.11214418,0.15587543,0.27134946,0.0,0.0,0.0,2,HIGHLY DROWSY
1783185437.4454458,0.19651257,0.14267775,0.16959517,0.354826,0.0,0.0,0.0,2,HIGHLY DROWSY
1783185437.4865441,0.18786407,0.1064931,0.14717859,0.26718226,0.0,0.0,0.0,2,HIGHLY DROWSY
1783185437.5175488,0.21287204,0.16922,0.19104601,0.31464067,0.0,0.0,0.0,2,HIGHLY DROWSY
1783185437.54555,0.21478175,0.12345739,0.16911957,0.26512247,0.0,0.0,0.0,2,HIGHLY DROWSY
1783185437.5833251,0.20647933,0.12903921,0.16775927,0.31375092,0.0,0.0,0.0,2,HIGHLY DROWSY
1783185437.614988,0.23282787,0.13750276,0.18516532,0.45634505,0.0,0.0,0.0,2,HIGHLY DROWSY
1783185437.6624835,0.16672575,0.14060268,0.15366422,0.26345107,0.0,0.0,0.0,2,HIGHLY DROWSY
1783185437.6945262,0.17082365,0.12661432,0.14871898,0.22279496,0.0,0.0,0.0,2,HIGHLY DROWSY
1783185437.7245386,0.18986008,0.0942719,0.14206599,0.2548037,0.0,0.0,0.0,2,HIGHLY DROWSY
1783185437.7459693,0.21248807,0.21538466,0.21393637,0.3133442,0.0,0.0,0.0,2,HIGHLY DROWSY
1783185437.7906892,0.24359396,0.10036558,0.17197977,0.37759125,0.0,0.0,0.0,2,HIGHLY DROWSY
1783185437.8225453,0.1597865,0.13538636,0.14758644,0.3049459,0.0,0.0,0.0,2,HIGHLY DROWSY
1783185437.8461888,0.23014832,0.13686378,0.18350604,0.3094205,0.0,0.0,0.0,2,HIGHLY DROWSY
1783185437.8845496,0.17349696,0.09977029,0.13663362,0.29760575,0.0,0.0,0.0,2,HIGHLY DROWSY
1783185437.9175751,0.20713983,0.13728091,0.17221037,0.34233472,0.0,0.0,0.0,2,HIGHLY DROWSY
1783185437.9463615,0.14745799,0.14782694,0.14764246,0.24519917,0.0,0.0,0.0,2,HIGHLY DROWSY
1783185437.9984963,0.120386936,0.16327734,0.14183213,0.27803057,0.0,0.0,0.0,2,HIGHLY DROWSY
1783185438.0128896,0.19042787,0.118133396,0.15428063,0.29110208,0.0,0.0,0.0,2,HIGHLY DROWSY
1783185438.1470413,0.17880464,0.12356199,0.15118332,0.23989336,0.0,0.0,0.0,2,HIGHLY DROWSY
1783185438.1700962,0.16512407,0.11458204,0.13985306,0.2665519,0.0,0.0,0.0,2,HIGHLY DROWSY
1783185438.193077,0.20552944,0.114933565,0.1602315,0.3559556,0.0,0.0,0.0,2,HIGHLY DROWSY
1783185438.2147875,0.21040893,0.09956877,0.15498886,0.33968306,0.0,0.0,0.0,2,HIGHLY DROWSY
1783185438.2405252,0.14298224,0.13031524,0.13664874,0.29795367,0.0,0.0,0.0,2,HIGHLY DROWSY
1783185438.263974,0.20274532,0.13523048,0.1689879,0.29321688,0.0,0.0,0.0,2,HIGHLY DROWSY
1783185438.2919621,0.19846493,0.14380255,0.17113374,0.35361448,0.0,0.0,0.0,2,HIGHLY DROWSY
1783185438.3145046,0.16063046,0.15432923,0.15747985,0.29537088,0.0,0.0,0.0,2,HIGHLY DROWSY
1783185438.3391914,0.13715534,0.124716535,0.13093594,0.33183143,0.0,0.0,0.0,2,HIGHLY DROWSY
1783185438.3627818,0.15282679,0.18193468,0.16738074,0.40042198,0.0,0.0,0.0,2,HIGHLY DROWSY
1783185438.3985739,0.17546788,0.12927586,0.15237187,0.27200925,0.0,0.0,0.0,2,HIGHLY DROWSY
1783185438.428639,0.19870116,0.14026576,0.16948345,0.28437233,0.0,0.0,0.0,2,HIGHLY DROWSY
1783185438.4629955,0.21023463,0.1376955,0.17396507,0.28190216,0.0,0.0,0.0,2,HIGHLY DROWSY
1783185438.492539,0.18095757,0.13439196,0.15767476,0.2711517,0.0,0.0,0.0,2,HIGHLY DROWSY
1783185438.5255065,0.16821222,0.16177401,0.16499312,0.28776354,0.0,0.0,0.0,2,HIGHLY DROWSY
1783185438.5475473,0.18915772,0.14770947,0.1684336,0.2692123,0.0,0.0,0.0,2,HIGHLY DROWSY
1783185438.5887406,0.13545914,0.12534897,0.13040406,0.34608996,0.0,0.0,0.0,2,HIGHLY DROWSY
1783185438.622501,0.16242544,0.13996345,0.15119445,0.21952759,0.0,0.0,0.0,2,HIGHLY DROWSY
1783185438.6478515,0.18378857,0.16511685,0.1744527,0.26166502,0.0,0.0,0.0,2,HIGHLY DROWSY
1783185438.6845303,0.21893069,0.1793058,0.19911824,0.3544437,0.0,0.0,0.0,2,HIGHLY DROWSY
1783185438.7185426,0.19728698,0.21674624,0.2070166,0.273487,0.0,0.0,0.0,2,HIGHLY DROWSY
1783185438.7477562,0.19409819,0.118426934,0.15626256,0.2917698,0.0,0.0,0.0,2,HIGHLY DROWSY
1783185438.782896,0.15025014,0.11898452,0.13461733,0.29976508,0.0,0.0,0.0,2,HIGHLY DROWSY
1783185438.8140213,0.17756034,0.13249296,0.15502666,0.28308037,0.0,0.0,0.0,2,HIGHLY DROWSY
1783185438.8635812,0.15394343,0.17885949,0.16640146,0.2505629,0.0,0.0,0.0,2,HIGHLY DROWSY
1783185438.8935623,0.24561274,0.12147562,0.18354417,0.24819458,0.0,0.0,0.0,2,HIGHLY DROWSY
1783185438.9245727,0.22431388,0.14241035,0.18336211,0.3378459,0.0,0.0,0.0,2,HIGHLY DROWSY
1783185438.9479973,0.22563203,0.148904,0.187268,0.30509397,0.0,0.0,0.0,2,HIGHLY DROWSY
1783185438.988801,0.247588,0.19840695,0.22299747,0.27448538,0.0,0.0,0.0,2,HIGHLY DROWSY
1783185439.021695,0.24709654,0.20098305,0.2240398,0.31984574,0.0,0.0,0.0,2,HIGHLY DROWSY
1783185439.0481222,0.26642308,0.23550315,0.25096312,0.23368475,0.0,0.0,0.0,2,HIGHLY DROWSY
1783185439.0865037,0.25367802,0.22361442,0.23864622,0.33526757,0.0,0.0,0.0,2,HIGHLY DROWSY
1783185439.1166184,0.24912424,0.19868767,0.22390597,0.2807882,0.0,0.0,0.0,2,HIGHLY DROWSY
1783185439.1483133,0.2808702,0.29989097,0.2903806,0.28124425,0.0,0.0,0.0,2,HIGHLY DROWSY
1783185439.1975117,0.2496427,0.31500334,0.282323,0.2352037,0.0,0.0,0.0,2,HIGHLY DROWSY
1783185439.2296026,0.30859855,0.25280866,0.2807036,0.28649056,0.0,0.0,0.0,2,HIGHLY DROWSY
1783185439.2484508,0.28669313,0.3241389,0.30541602,0.3297671,0.0,0.0,0.0,2,HIGHLY DROWSY
1783185439.298707,0.31409702,0.33321977,0.32365838,0.27942342,0.0,0.0,0.0,2,HIGHLY DROWSY
1783185439.3294117,0.30352733,0.35043806,0.3269827,0.24822262,0.0,0.0,0.0,2,HIGHLY DROWSY
1783185439.3576992,0.32303414,0.3255532,0.32429367,0.33121917,0.0,0.0,0.0,2,HIGHLY DROWSY
1783185439.3886333,0.32994545,0.29559126,0.31276837,0.37088177,0.0,0.0,0.0,2,HIGHLY DROWSY
1783185439.422859,0.31342363,0.24194658,0.2776851,0.32910818,0.0,0.0,0.0,2,HIGHLY DROWSY
1783185439.4489355,0.36197007,0.27196252,0.3169663,0.35031813,0.0,0.0,0.0,1,DROWSY
1783185439.486495,0.3344741,0.37115628,0.35281518,0.3637919,0.0,0.0,0.0,1,DROWSY
1783185439.521142,0.32778275,0.32383102,0.3258069,0.36975387,0.0,0.0,0.0,1,DROWSY
1783185439.5491288,0.33746922,0.33562887,0.33654904,0.3562098,0.0,0.0,0.0,1,DROWSY
1783185439.5985096,0.34351873,0.39489526,0.369207,0.37884423,0.0,0.0,0.0,1,DROWSY
1783185439.6285093,0.34574452,0.29882875,0.32228664,0.3609308,0.0,0.0,0.0,1,DROWSY
1783185439.6493332,0.33968225,0.35579967,0.34774098,0.35279694,0.0,0.0,0.0,1,DROWSY
1783185439.6769493,0.31781074,0.38408023,0.35094547,0.4653042,0.0,0.0,0.0,1,DROWSY
1783185439.7245986,0.3065522,0.33962622,0.3230892,0.27215955,0.0,0.0,0.0,1,DROWSY
1783185439.749349,0.27978697,0.21929465,0.2495408,0.35003877,0.0,0.0,0.0,1,DROWSY
1783185439.7885442,0.28431454,0.2528855,0.26860002,0.35527486,0.0,0.0,0.0,1,DROWSY
1783185439.8211799,0.26492152,0.3621848,0.31355315,0.3490349,0.0,0.0,0.0,1,DROWSY
1783185439.8493829,0.2553874,0.33426476,0.2948261,0.36920667,0.0,0.0,0.0,1,DROWSY
1783185439.8846524,0.23330954,0.26728433,0.25029692,0.30737734,0.0,0.0,0.0,1,DROWSY
1783185439.9184806,0.22229272,0.24447045,0.23338158,0.44670337,0.0,0.0,0.0,1,DROWSY
1783185439.9492934,0.14820582,0.3011141,0.22465996,0.47979793,0.0,0.0,0.0,1,DROWSY
1783185439.9984992,0.13160764,0.3578049,0.24470626,0.42859682,0.0,0.0,0.0,1,DROWSY
1783185440.030423,0.19453874,0.37870723,0.286623,0.2900059,0.0,0.0,0.0,1,DROWSY
1783185440.0493321,0.16756244,0.3547795,0.26117098,0.41236445,0.0,0.0,0.0,1,DROWSY
1783185440.0943682,0.20463166,0.34877694,0.2767043,0.335677,0.0,0.0,0.0,1,DROWSY
1783185440.1264615,0.1336652,0.39196262,0.26281393,0.39184147,0.0,0.0,0.0,1,DROWSY
1783185440.1494637,0.11574882,0.3966887,0.25621876,0.3129096,0.0,0.0,0.0,1,DROWSY
1783185440.1884322,0.14577562,0.3541005,0.24993806,0.42329913,0.0,0.0,0.0,1,DROWSY
1783185440.221965,0.13673013,0.35044152,0.24358582,0.38465914,0.0,0.0,0.0,1,DROWSY
1783185440.2495422,0.13803083,0.3398975,0.23896417,0.25690234,0.0,0.0,0.0,1,DROWSY
1783185440.2867022,0.11786887,0.3687816,0.24332523,0.2703712,0.0,0.0,0.0,1,DROWSY
1783185440.3029516,0.19073686,0.36334762,0.27704224,0.2725875,0.0,0.0,0.0,1,DROWSY
1783185440.3495073,0.17548615,0.37297314,0.27422965,0.27831832,0.0,0.0,0.0,1,DROWSY
1783185440.3986013,0.24571173,0.2918841,0.2687979,0.29776523,0.0,0.0,0.0,1,DROWSY
1783185440.4305234,0.2534929,0.37654862,0.31502074,0.2571409,0.0,0.0,0.0,1,DROWSY
1783185440.4493837,0.3624038,0.410445,0.38642442,0.30624947,0.0,0.0,0.0,1,DROWSY
1783185440.4946723,0.3109217,0.3616227,0.33627218,0.2426453,0.0,0.0,0.0,0,ALERT
1783185440.5266697,0.3292558,0.34656805,0.3379119,0.23910938,0.0,0.0,0.0,0,ALERT
1783185440.549589,0.31799144,0.38187405,0.34993273,0.25809216,0.0,0.0,0.0,0,ALERT
1783185440.5885236,0.30336547,0.31352073,0.3084431,0.30524543,0.0,0.0,0.0,1,DROWSY
1783185440.622647,0.3312787,0.39141592,0.36134732,0.22967334,0.0,0.0,0.0,1,DROWSY
1783185440.6497169,0.26525977,0.24012175,0.25269076,0.37092245,0.0,0.0,0.0,1,DROWSY
1783185440.671147,0.34944776,0.28315544,0.3163016,0.3883716,0.0,0.0,0.0,1,DROWSY
1783185440.7185655,0.30411616,0.35462725,0.32937172,0.3061941,0.0,0.0,0.0,1,DROWSY
1783185440.7500293,0.34425777,0.30356348,0.32391062,0.29380536,0.0,0.0,0.0,1,DROWSY
1783185440.7984726,0.29381043,0.33841553,0.31611297,0.34521353,0.0,0.0,0.0,1,DROWSY
1783185440.8148682,0.33161414,0.34989563,0.34075487,0.25628543,0.0,0.0,0.0,1,DROWSY
1783185440.8655684,0.3539007,0.3499543,0.3519275,0.58162415,0.0,0.0,0.0,1,DROWSY
1783185440.8925366,0.33291477,0.37051392,0.35171434,0.29258525,0.0,0.0,0.0,1,DROWSY
1783185440.9265063,0.36691612,0.34905425,0.3579852,0.32006508,0.0,0.0,0.0,1,DROWSY
1783185440.9498665,0.3548874,0.2967874,0.3258374,0.26194584,0.0,0.0,0.0,1,DROWSY
1783185440.9728982,0.34396556,0.29493043,0.319448,0.34727246,0.0,0.0,0.0,1,DROWSY
1783185441.020763,0.3622257,0.34676751,0.35449663,0.4600722,0.0,0.0,0.0,1,DROWSY
1783185441.0500379,0.3450568,0.3253263,0.33519155,0.32201725,0.0,0.0,0.0,1,DROWSY
1783185441.0866039,0.29323438,0.34130535,0.31726986,0.31590185,0.0,0.0,0.0,1,DROWSY
1783185441.118474,0.2797702,0.3929929,0.33638155,0.3608803,0.0,0.0,0.0,1,DROWSY
1783185441.1499746,0.3193011,0.353532,0.33641654,0.2525783,0.0,0.0,0.0,1,DROWSY
1783185441.196639,0.36449623,0.320144,0.3423201,0.26252535,0.0,0.0,0.0,1,DROWSY
1783185441.2304914,0.34245908,0.37138513,0.3569221,0.28427193,0.0,0.0,0.0,1,DROWSY
1783185441.2498374,0.3987559,0.35721907,0.3779875,0.20849496,0.0,0.0,0.0,1,DROWSY
1783185441.294456,0.32973588,0.31588593,0.3228109,0.28348234,0.0,0.0,0.0,1,DROWSY
1783185441.324517,0.32007247,0.35672343,0.33839795,0.2652536,0.0,0.0,0.0,0,ALERT
1783185441.3499463,0.33920836,0.21614636,0.27767736,0.27236837,0.0,0.0,0.0,0,ALERT
1783185441.3885248,0.3173653,0.34575617,0.33156073,0.22176877,0.0,0.0,0.0,0,ALERT
1783185441.4225745,0.37028027,0.3298171,0.35004866,0.27577415,0.0,0.0,0.0,0,ALERT
1783185441.4502192,0.35820287,0.25224546,0.30522415,0.18640931,0.0,0.0,0.0,0,ALERT
1783185441.4850576,0.3508745,0.3688099,0.3598422,0.27200848,0.0,0.0,0.0,0,ALERT
1783185441.5165412,0.36012152,0.38141274,0.37076712,0.1784299,0.0,0.0,0.0,0,ALERT
1783185441.5504518,0.33789378,0.30034712,0.31912044,0.22257881,0.0,0.0,0.0,0,ALERT
1783185441.5966892,0.31592253,0.2566625,0.28629252,0.2127802,0.0,0.0,0.0,0,ALERT
1783185441.6304958,0.3385937,0.32328197,0.33093783,0.21817787,0.0,0.0,0.0,0,ALERT
1783185441.6503854,0.33820292,0.26976338,0.30398315,0.23070736,0.0,0.0,0.0,0,ALERT
1783185441.692526,0.32298878,0.35123828,0.33711353,0.21043578,0.0,0.0,0.0,0,ALERT
1783185441.7264862,0.34548333,0.31378496,0.32963416,0.23958018,0.0,0.0,0.0,0,ALERT
1783185441.82855,0.32408583,0.33745408,0.33076996,0.25099903,0.0,0.0,0.0,0,ALERT
1783185441.8349912,0.34827632,0.31385377,0.33106506,0.30388883,0.0,0.0,0.0,0,ALERT
1783185441.8699877,0.39338487,0.2569823,0.32518357,0.26159558,0.0,0.0,0.0,0,ALERT
1783185441.8943026,0.35077018,0.35239965,0.3515849,0.39267394,0.0,0.0,0.0,0,ALERT
1783185441.9011564,0.32395157,0.35473838,0.33934498,0.22099672,0.0,0.0,0.0,0,ALERT
1783185441.9362419,0.33858883,0.21418145,0.27638516,0.2526874,0.0,0.0,0.0,0,ALERT
1783185441.9660199,0.35198948,0.3675818,0.35978565,0.32847732,0.0,0.0,0.0,0,ALERT
1783185441.998492,0.36735323,0.38374278,0.375548,0.22865722,0.0,0.0,0.0,0,ALERT
1783185442.0304668,0.3733448,0.3775989,0.37547186,0.2401736,0.0,0.0,0.0,0,ALERT
1783185442.050382,0.3239643,0.37667745,0.35032088,0.23530594,0.0,0.0,0.0,0,ALERT
1783185442.0935273,0.3543236,0.36017406,0.3572488,0.21779346,0.0,0.0,0.0,0,ALERT
1783185442.1265142,0.35294026,0.30169797,0.32731912,0.30916333,0.0,0.0,0.0,0,ALERT
1783185442.1503673,0.3463131,0.31994537,0.33312923,0.19399132,0.0,0.0,0.0,0,ALERT
1783185442.1885293,0.3536968,0.3576197,0.35565823,0.23081475,0.0,0.0,0.0,0,ALERT
1783185442.2205813,0.31295478,0.34022874,0.32659176,0.18989524,0.0,0.0,0.0,0,ALERT
1783185442.250457,0.3441669,0.36323804,0.3537025,0.26809242,0.0,0.0,0.0,0,ALERT
1783185442.2856748,0.33260635,0.33138856,0.33199745,0.2284668,0.0,0.0,0.0,0,ALERT
1783185442.3185287,0.36787775,0.26143697,0.31465736,0.2196074,0.0,0.0,0.0,0,ALERT
1783185442.3507018,0.32300627,0.3814576,0.35223195,0.29916236,0.0,0.0,0.0,0,ALERT
1783185442.398528,0.31828183,0.34902465,0.33365324,0.27640417,0.0,0.0,0.0,0,ALERT
1783185442.4149203,0.32557666,0.4050087,0.36529267,0.2661981,0.0,0.0,0.0,0,ALERT
1783185442.450884,0.332903,0.29117432,0.31203866,0.23884518,0.0,0.0,0.0,0,ALERT
1783185442.4769132,0.35163432,0.18242912,0.2670317,0.27498576,0.0,0.0,0.0,0,ALERT
1783185442.5109253,0.35406023,0.30736738,0.3307138,0.279055,0.0,0.0,0.0,0,ALERT
1783185442.5508308,0.29206595,0.27120426,0.2816351,0.26917735,0.0,0.0,0.0,0,ALERT
1783185442.5884585,0.34815195,0.337245,0.34269848,0.24598284,0.0,0.0,0.0,0,ALERT
1783185442.6224635,0.35580626,0.21830776,0.287057,0.25399542,0.0,0.0,0.0,0,ALERT
1783185442.6509464,0.36815974,0.3436331,0.3558964,0.24166399,0.0,0.0,0.0,0,ALERT
1783185442.6854038,0.31395057,0.35620576,0.33507815,0.26727954,0.0,0.0,0.0,0,ALERT
1783185442.7171767,0.3089489,0.38163275,0.34529084,0.2699777,0.0,0.0,0.0,0,ALERT
1783185442.7348335,0.35223323,0.38964865,0.37094092,0.2786218,0.0,0.0,0.0,0,ALERT
1783185442.7984726,0.3578554,0.27899265,0.31842402,0.35400683,0.0,0.0,0.0,0,ALERT
1783185442.8304846,0.33363366,0.33132243,0.33247805,0.34442985,0.0,0.0,0.0,0,ALERT
1783185442.8508215,0.35900927,0.3423351,0.3506722,0.254228,0.0,0.0,0.0,0,ALERT
1783185442.89454,0.33392015,0.38314065,0.3585304,0.21115066,0.0,0.0,0.0,0,ALERT
1783185442.9265661,0.35467228,0.35458022,0.35462624,0.2642748,0.0,0.0,0.0,0,ALERT
1783185442.9509654,0.29130957,0.32307464,0.30719212,0.33420306,0.0,0.0,0.0,0,ALERT
1783185442.9885452,0.35118634,0.3910939,0.37114012,0.18232277,0.0,0.0,0.0,0,ALERT
1783185443.0205097,0.32622236,0.23393682,0.2800796,0.20612273,0.0,0.0,0.0,0,ALERT
1783185443.050863,0.3349212,0.28748447,0.31120285,0.34475502,0.0,0.0,0.0,0,ALERT
1783185443.0848374,0.35356534,0.284789,0.31917715,0.25281063,0.0,0.0,0.0,0,ALERT
1783185443.1186638,0.3003039,0.33717096,0.31873745,0.28356892,0.0,0.0,0.0,0,ALERT
1783185443.1509862,0.32601768,0.41996914,0.3729934,0.2505031,0.0,0.0,0.0,0,ALERT
1783185443.1986802,0.40708697,0.27131853,0.33920273,0.25871706,0.0,0.0,0.0,0,ALERT
1783185443.2128565,0.3176559,0.35399342,0.33582467,0.27821103,0.0,0.0,0.0,0,ALERT
1783185443.266457,0.35921106,0.3212349,0.34022298,0.30402336,0.0,0.0,0.0,0,ALERT
1783185443.2945669,0.34280074,0.34333605,0.3430684,0.24589707,0.0,0.0,0.0,0,ALERT
1783185443.3264778,0.36762252,0.331609,0.34961575,0.2761641,0.0,0.0,0.0,0,ALERT
1783185443.3508837,0.32889628,0.31892273,0.32390952,0.2533577,0.0,0.0,0.0,0,ALERT
1783185443.3885496,0.33763075,0.3321341,0.33488244,0.3192684,0.0,0.0,0.0,0,ALERT
1783185443.422505,0.30412865,0.344533,0.32433084,0.24628256,0.0,0.0,0.0,0,ALERT
1783185443.4509,0.35471022,0.31243032,0.33357027,0.2560435,0.0,0.0,0.0,0,ALERT
1783185443.4849,0.32073185,0.21366508,0.26719847,0.33259273,0.0,0.0,0.0,0,ALERT
1783185443.5012972,0.2128846,0.41504657,0.3139656,0.23081139,0.0,0.0,0.0,0,ALERT
1783185443.5512006,0.21786818,0.2691247,0.24349645,0.2764357,0.0,0.0,0.0,0,ALERT
1783185443.5809164,0.2244702,0.10942282,0.1669465,0.25514504,0.0,0.0,0.0,0,ALERT
1783185443.6307473,0.25909236,0.291018,0.2750552,0.2451936,0.0,0.0,0.0,0,ALERT
1783185443.6514711,0.27150047,0.2525254,0.26201293,0.23267521,0.0,0.0,0.0,0,ALERT
1783185443.69448,0.3029632,0.3930917,0.34802744,0.35331842,0.0,0.0,0.0,0,ALERT
1783185443.726567,0.33579776,0.32026616,0.32803196,0.32965967,0.0,0.0,0.0,0,ALERT
1783185443.751336,0.32599387,0.34692973,0.33646178,0.24447821,0.0,0.0,0.0,0,ALERT
1783185443.7885547,0.32673967,0.27248955,0.2996146,0.24997921,0.0,0.0,0.0,0,ALERT
1783185443.8215241,0.36334914,0.32202697,0.34268805,0.2392411,0.0,0.0,0.0,0,ALERT
1783185443.8513842,0.33513227,0.36562002,0.35037616,0.29339007,0.0,0.0,0.0,0,ALERT
1783185443.884553,0.35388044,0.30903614,0.3314583,0.30498776,0.0,0.0,0.0,0,ALERT
1783185443.9167385,0.32437629,0.33983982,0.33210805,0.32736608,0.0,0.0,0.0,0,ALERT
1783185443.9515054,0.34890538,0.25178218,0.30034378,0.21224988,0.0,0.0,0.0,0,ALERT
1783185443.9965143,0.34471393,0.27888364,0.31179878,0.31004322,0.0,0.0,0.0,0,ALERT
1783185444.0307977,0.32169527,0.35363147,0.33766335,0.28576514,0.0,0.0,0.0,0,ALERT
1783185444.0514746,0.3464884,0.31774008,0.33211425,0.24929518,0.0,0.0,0.0,0,ALERT
1783185444.0944827,0.33352554,0.35588312,0.34470433,0.22903517,0.0,0.0,0.0,0,ALERT
1783185444.1264887,0.33715478,0.3552497,0.34620222,0.22775412,0.0,0.0,0.0,0,ALERT
1783185444.1514766,0.33819434,0.37154433,0.35486934,0.2507175,0.0,0.0,0.0,0,ALERT
1783185444.1895556,0.3342467,0.34629148,0.3402691,0.34730422,0.0,0.0,0.0,0,ALERT
1783185444.2214918,0.32643446,0.3748705,0.3506525,0.29585448,0.0,0.0,0.0,0,ALERT
1783185444.2514682,0.30827358,0.3651961,0.33673486,0.29643673,0.0,0.0,0.0,0,ALERT
1783185444.2846415,0.35753107,0.3272493,0.34239018,0.21957321,0.0,0.0,0.0,0,ALERT
1783185444.3169618,0.32379562,0.34545055,0.33462307,0.30448788,0.0,0.0,0.0,0,ALERT
1783185444.3517501,0.3587442,0.35143998,0.3550921,0.30520996,0.0,0.0,0.0,0,ALERT
1783185444.3975337,0.3225719,0.37753266,0.35005227,0.315289,0.0,0.0,0.0,0,ALERT
1783185444.4295342,0.36073434,0.3416576,0.351196,0.29853198,0.0,0.0,0.0,0,ALERT
1783185444.4519954,0.3179987,0.39365917,0.35582894,0.2681341,0.0,0.0,0.0,1,DROWSY
1783185444.4998362,0.29632762,0.33931792,0.31782275,0.35126016,0.0,0.0,0.0,1,DROWSY
1783185444.532627,0.32179573,0.35553443,0.3386651,0.28781924,0.0,0.0,0.0,1,DROWSY
1783185444.5586305,0.30455825,0.37430236,0.3394303,0.34208164,0.0,0.0,0.0,1,DROWSY
1783185444.5740762,0.3045961,0.32224968,0.3134229,0.2296339,0.0,0.0,0.0,1,DROWSY
1783185444.6205823,0.30358952,0.31930828,0.3114489,0.29469717,0.0,0.0,0.0,1,DROWSY
1783185444.6528926,0.2988973,0.2762486,0.28757295,0.29283002,0.0,0.0,0.0,1,DROWSY
1783185444.6865892,0.29539222,0.26024663,0.27781942,0.24952407,0.0,0.0,0.0,1,DROWSY
1783185444.7008483,0.33051336,0.17940441,0.25495887,0.29215962,0.0,0.0,0.0,0,ALERT
1783185444.7508976,0.25572252,0.208788,0.23225525,0.33414677,0.0,0.0,0.0,0,ALERT
1783185444.7984726,0.31324318,0.18411843,0.2486808,0.31176087,0.0,0.0,0.0,0,ALERT
1783185444.830465,0.34637037,0.19366297,0.27001667,0.3007358,0.0,0.0,0.0,0,ALERT
1783185444.852864,0.3119504,0.28375277,0.2978516,0.48695183,0.0,0.0,0.0,0,ALERT
1783185444.894508,0.3570404,0.26382217,0.3104313,0.44799322,0.0,0.0,0.0,0,ALERT
1783185444.9246085,0.35809177,0.26890966,0.3135007,0.40996802,0.0,0.0,0.0,0,ALERT
1783185444.9528296,0.355555,0.25636128,0.30595815,0.47029296,0.0,0.0,0.0,0,ALERT
1783185444.990594,0.31647086,0.28646243,0.30146664,0.43872085,0.0,0.0,0.0,0,ALERT
1783185445.0224948,0.3476075,0.28605995,0.31683373,0.45965,0.0,0.0,0.0,0,ALERT
1783185445.0530245,0.35569087,0.3089422,0.33231652,0.4918689,0.0,0.0,0.0,0,ALERT
1783185445.0845766,0.3451976,0.36214983,0.35367373,0.46934655,0.0,0.0,0.0,0,ALERT
1783185445.1166337,0.3427171,0.34149098,0.34210405,0.45597732,0.0,0.0,0.0,0,ALERT
1783185445.1531165,0.3549038,0.32887772,0.34189075,0.37493965,0.0,0.0,0.0,0,ALERT
1783185445.1809924,0.35752404,0.33129635,0.3444102,0.5425021,0.0,0.0,0.0,0,ALERT
1783185445.230768,0.38166744,0.35664046,0.36915395,0.46560076,0.0,0.0,0.0,0,ALERT
1783185445.2530105,0.32530913,0.3682452,0.34677717,0.371484,0.0,0.0,0.0,0,ALERT
1783185445.2946024,0.32998234,0.30703124,0.3185068,0.43887547,0.0,0.0,0.0,0,ALERT
1783185445.3255737,0.33132026,0.36044595,0.3458831,0.46339524,0.0,0.0,0.0,0,ALERT
1783185445.353329,0.3864945,0.36164635,0.3740704,0.42682055,0.0,0.0,0.0,0,ALERT
1783185445.3894472,0.36878088,0.34891298,0.35884693,0.44395864,0.0,0.0,0.0,0,ALERT
1783185445.4205205,0.3149625,0.33929688,0.3271297,0.47407535,0.0,0.0,0.0,0,ALERT
1783185445.453436,0.3361843,0.26212567,0.299155,0.5482246,0.0,0.0,0.0,0,ALERT
1783185445.4845376,0.19258918,0.17875943,0.1856743,0.4962602,0.0,0.0,0.0,0,ALERT
1783185445.5166621,0.25591066,0.22642191,0.24116628,0.40388718,0.0,0.0,0.0,0,ALERT
1783185445.5486655,0.24935402,0.22926494,0.23930947,0.44328827,0.0,0.0,0.0,0,ALERT
1783185445.596544,0.2910007,0.27964988,0.2853253,0.4331407,0.0,0.0,0.0,0,ALERT
1783185445.6285532,0.301776,0.3310173,0.31639662,0.33109957,0.0,0.0,0.0,0,ALERT
1783185445.6535606,0.33488798,0.22533198,0.28010997,0.33740765,0.0,0.0,0.0,1,DROWSY
1783185445.692522,0.31360647,0.261352,0.28747922,0.41680998,0.0,0.0,0.0,1,DROWSY
1783185445.800475,0.31400913,0.21130674,0.26265794,0.47122395,0.0,0.0,0.0,1,DROWSY
1783185445.82474,0.2765244,0.24972571,0.26312506,0.47238216,0.0,0.0,0.0,1,DROWSY
1783185445.8477197,0.31920603,0.37308204,0.34614402,0.49122286,0.0,0.0,0.0,1,DROWSY
1783185445.8712997,0.28357637,0.27081808,0.27719724,0.39553282,0.0,0.0,0.0,1,DROWSY
1783185445.8956044,0.35139522,0.22390231,0.28764877,0.45542833,0.0,0.0,0.0,1,DROWSY
1783185445.9186137,0.35431135,0.23615792,0.29523462,0.4426343,0.0,0.0,0.0,1,DROWSY
1783185445.9404306,0.28760096,0.2951366,0.29136878,0.48696023,0.0,0.0,0.0,1,DROWSY
1783185445.9538896,0.3238413,0.33222094,0.32803112,0.365269,0.0,0.0,0.0,0,ALERT
1783185445.9984193,0.30517203,0.30990776,0.3075399,0.430654,0.0,0.0,0.0,0,ALERT
1783185446.030772,0.32306194,0.33353224,0.3282971,0.43041858,0.0,0.0,0.0,0,ALERT
1783185446.0539017,0.37178865,0.26932952,0.32055908,0.5060044,0.0,0.0,0.0,0,ALERT
1783185446.0957284,0.33650023,0.29434514,0.31542268,0.39138708,0.0,0.0,0.0,0,ALERT
1783185446.1245875,0.3239175,0.2760857,0.30000162,0.36312813,0.0,0.0,0.0,0,ALERT
1783185446.1538317,0.34000883,0.31643862,0.3282237,0.48831263,0.0,0.0,0.0,0,ALERT
1783185446.1904829,0.31368703,0.34492636,0.3293067,0.47743538,0.0,0.0,0.0,0,ALERT
1783185446.2224567,0.33370018,0.36229295,0.34799656,0.45237124,0.0,0.0,0.0,0,ALERT
1783185446.2540977,0.3550045,0.3526978,0.35385114,0.4001285,0.0,0.0,0.0,0,ALERT
1783185446.286504,0.33752486,0.29929018,0.3184075,0.3932309,0.0,0.0,0.0,0,ALERT
1783185446.3164513,0.2987254,0.34432343,0.3215244,0.46597657,0.0,0.0,0.0,0,ALERT
1783185446.349561,0.32642767,0.2981977,0.31231266,0.38603783,0.0,0.0,0.0,0,ALERT
1783185446.3993535,0.31985748,0.37296605,0.34641176,0.40748775,0.0,0.0,0.0,0,ALERT
1783185446.429575,0.38210866,0.39668074,0.3893947,0.3940185,0.0,0.0,0.0,0,ALERT
1783185446.4543254,0.38590172,0.33045977,0.35818076,0.4635655,0.0,0.0,0.0,0,ALERT
1783185446.4944942,0.32496765,0.35217756,0.3385726,0.3639721,0.0,0.0,0.0,1,DROWSY
1783185446.5264506,0.3349576,0.34870142,0.3418295,0.3445797,0.0,0.0,0.0,1,DROWSY
1783185446.554396,0.33621737,0.3093485,0.32278293,0.36193523,0.0,0.0,0.0,1,DROWSY
1783185446.5904522,0.35914373,0.35657695,0.35786036,0.36111882,0.0,0.0,0.0,1,DROWSY
1783185446.6224656,0.34037897,0.35102484,0.3457019,0.3615707,0.0,0.0,0.0,1,DROWSY
1783185446.6543946,0.32618847,0.3502721,0.33823028,0.37030718,0.0,0.0,0.0,1,DROWSY
1783185446.6864889,0.32954043,0.32745552,0.32849798,0.40997222,0.0,0.0,0.0,1,DROWSY
1783185446.716604,0.33543935,0.18358767,0.2595135,0.4222313,0.0,0.0,0.0,0,ALERT
1783185446.748582,0.32391548,0.3647547,0.3443351,0.43633574,0.0,0.0,0.0,0,ALERT
1783185446.797707,0.3020609,0.3542542,0.32815754,0.4674846,0.0,0.0,0.0,0,ALERT
1783185446.829698,0.35172677,0.3140406,0.3328837,0.37303922,0.0,0.0,0.0,0,ALERT
1783185446.8545911,0.30868843,0.1600747,0.23438156,0.33131403,0.0,0.0,0.0,0,ALERT
1783185446.8944945,0.27515075,0.12902111,0.20208593,0.38479435,0.0,0.0,0.0,0,ALERT
1783185446.9089782,0.2942066,0.31706074,0.30563366,0.43883103,0.0,0.0,0.0,0,ALERT
1783185446.954433,0.18237588,0.2734417,0.22790879,0.42899942,0.0,0.0,0.0,0,ALERT
1783185446.990849,0.2416378,0.1936349,0.21763635,0.35425892,0.0,0.0,0.0,0,ALERT
1783185447.0204792,0.24965702,0.24535277,0.2475049,0.40694863,0.0,0.0,0.0,0,ALERT
1783185447.0387912,0.2716271,0.23773886,0.254683,0.40339246,0.0,0.0,0.0,0,ALERT
1783185447.0845907,0.267219,0.23173189,0.24947545,0.34839687,0.0,0.0,0.0,0,ALERT
1783185447.118442,0.20246173,0.17789723,0.19017948,0.39134797,0.0,0.0,0.0,0,ALERT
1783185447.1484265,0.2751655,0.24563976,0.26040262,0.35821968,0.0,0.0,0.0,0,ALERT
1783185447.1990657,0.29050526,0.23922475,0.264865,0.40828863,0.0,0.0,0.0,0,ALERT
1783185447.2305484,0.27766547,0.20303248,0.24034898,0.40117097,0.0,0.0,0.0,0,ALERT
1783185447.2544572,0.30535474,0.15246642,0.22891058,0.46401948,0.0,0.0,0.0,0,ALERT
1783185447.2789013,0.27357996,0.28765965,0.2806198,0.37499946,0.0,0.0,0.0,0,ALERT
1783185447.3244557,0.33486927,0.27730554,0.3060874,0.37978137,0.0,0.0,0.0,0,ALERT
1783185447.3543246,0.26941434,0.2348039,0.2521091,0.4303482,0.0,0.0,0.0,0,ALERT
1783185447.388719,0.28187916,0.35920626,0.3205427,0.43723354,0.0,0.0,0.0,0,ALERT
1783185447.4058585,0.26830742,0.16369006,0.21599874,0.42364123,0.0,0.0,0.0,0,ALERT
1783185447.4543447,0.27746993,0.24049082,0.25898036,0.37296993,0.0,0.0,0.0,0,ALERT
1783185447.4865685,0.31552017,0.24340622,0.2794632,0.42717516,0.0,0.0,0.0,0,ALERT
1783185447.51649,0.28059837,0.2494054,0.2650019,0.39764905,0.0,0.0,0.0,1,DROWSY
1783185447.5503683,0.30558687,0.34191054,0.3237487,0.5302923,0.0,0.0,0.0,1,DROWSY
1783185447.597006,0.2751974,0.3619666,0.318582,0.37630945,0.0,0.0,0.0,1,DROWSY
1783185447.6129003,0.27741855,0.32625386,0.30183622,0.37900415,0.0,0.0,0.0,1,DROWSY
1783185447.6544878,0.2591557,0.33610532,0.29763052,0.431349,0.0,0.0,0.0,1,DROWSY
1783185447.694508,0.31195995,0.29493147,0.3034457,0.46887335,0.0,0.0,0.0,1,DROWSY
1783185447.7266047,0.2780918,0.32823002,0.3031609,0.35737514,0.0,0.0,0.0,1,DROWSY
1783185447.754407,0.2840135,0.31572568,0.2998696,0.36719733,0.0,0.0,0.0,1,DROWSY
1783185447.790495,0.28287113,0.34294719,0.31290916,0.36890057,0.0,0.0,0.0,1,DROWSY
1783185447.8224475,0.2905561,0.35398132,0.3222687,0.4927774,0.0,0.0,0.0,1,DROWSY
1783185447.8525534,0.27245736,0.34986496,0.31116116,0.40889,0.0,0.0,0.0,1,DROWSY
1783185447.8845978,0.29944295,0.36735442,0.33339867,0.4080611,0.0,0.0,0.0,1,DROWSY
1783185447.9164882,0.3156421,0.34266698,0.32915455,0.36464092,0.0,0.0,0.0,1,DROWSY
1783185447.9484334,0.31701064,0.389608,0.3533093,0.42140687,0.0,0.0,0.0,1,DROWSY
1783185447.9813025,0.31939435,0.34338504,0.3313897,0.5434546,0.0,0.0,0.0,1,DROWSY
1783185448.0312915,0.29946432,0.39465556,0.34705994,0.44624764,0.0,0.0,0.0,1,DROWSY
1783185448.054405,0.2828776,0.24865627,0.26576695,0.47729677,0.0,0.0,0.0,1,DROWSY
1783185448.0935245,0.29500392,0.3646764,0.32984015,0.41288918,0.0,0.0,0.0,1,DROWSY
1783185448.124496,0.28127572,0.32679966,0.3040377,0.43557703,0.0,0.0,0.0,1,DROWSY
1783185448.1543286,0.30734077,0.3567459,0.33204335,0.4173809,0.0,0.0,0.0,1,DROWSY
1783185448.1906781,0.29238945,0.3833262,0.33785784,0.37553874,0.0,0.0,0.0,1,DROWSY
1783185448.2224402,0.29287297,0.3896256,0.3412493,0.41506732,0.0,0.0,0.0,1,DROWSY
1783185448.2368557,0.3132266,0.39083347,0.35203004,0.40333885,0.0,0.0,0.0,1,DROWSY
1783185448.286482,0.29939148,0.31445318,0.30692232,0.4150157,0.0,0.0,0.0,1,DROWSY
1783185448.3165393,0.3009533,0.3947006,0.34782693,0.38463092,0.0,0.0,0.0,1,DROWSY
1783185448.348465,0.30244267,0.37215847,0.33730057,0.4057566,0.0,0.0,0.0,1,DROWSY
1783185448.3967826,0.32097945,0.36382884,0.34240413,0.37980685,0.0,0.0,0.0,1,DROWSY
1783185448.4160705,0.2947828,0.3606122,0.3276975,0.37598097,0.0,0.0,0.0,1,DROWSY
1783185448.4544048,0.3277081,0.35903725,0.34337267,0.42755827,0.0,0.0,0.0,0,ALERT
1783185448.4945898,0.31010416,0.37091616,0.34051016,0.39889124,0.0,0.0,0.0,0,ALERT
1783185448.526483,0.30149722,0.2541473,0.27782226,0.37164608,0.0,0.0,0.0,0,ALERT
1783185448.5543945,0.31248632,0.31067762,0.31158197,0.36874974,0.0,0.0,0.0,0,ALERT
1783185448.5906126,0.3440655,0.34553894,0.34480223,0.39722058,0.0,0.0,0.0,0,ALERT
1783185448.6206002,0.3055873,0.40171814,0.35365272,0.34150437,0.0,0.0,0.0,0,ALERT
1783185448.6388915,0.27127105,0.3546032,0.3129371,0.51211464,0.0,0.0,0.0,0,ALERT
1783185448.6864538,0.29263625,0.34644637,0.3195413,0.450327,0.0,0.0,0.0,0,ALERT
1783185448.716529,0.3396418,0.379809,0.35972542,0.36478657,0.0,0.0,0.0,0,ALERT
1783185448.750378,0.3406024,0.363633,0.3521177,0.37273803,0.0,0.0,0.0,0,ALERT
1783185448.796712,0.2834736,0.35082507,0.31714934,0.3457698,0.0,0.0,0.0,0,ALERT
1783185448.8309546,0.32319155,0.40171698,0.36245427,0.3353086,0.0,0.0,0.0,0,ALERT
1783185448.8545408,0.31471595,0.38524696,0.34998146,0.46634775,0.0,0.0,0.0,0,ALERT
1783185448.894528,0.3313735,0.4067717,0.3690726,0.3561791,0.0,0.0,0.0,0,ALERT
1783185448.9089174,0.32952744,0.3657558,0.34764162,0.35757157,0.0,0.0,0.0,0,ALERT
1783185448.9544315,0.29780924,0.34508258,0.3214459,0.30338457,0.0,0.0,0.0,0,ALERT
1783185448.9885833,0.30469114,0.39497727,0.3498342,0.35805342,0.0,0.0,0.0,0,ALERT
1783185449.0224206,0.28883916,0.32954875,0.30919397,0.41801322,0.0,0.0,0.0,0,ALERT
1783185449.0543475,0.30166352,0.35463852,0.32815102,0.50366914,0.0,0.0,0.0,0,ALERT
1783185449.0864778,0.28639874,0.36802757,0.32721317,0.37177676,0.0,0.0,0.0,0,ALERT
1783185449.1185527,0.2834238,0.37142465,0.32742423,0.34769374,0.0,0.0,0.0,0,ALERT
1783185449.1484792,0.31793967,0.34275335,0.33034652,0.4523668,0.0,0.0,0.0,0,ALERT
1783185449.1964958,0.28353873,0.38842666,0.33598268,0.40366888,0.0,0.0,0.0,0,ALERT
1783185449.2287002,0.336925,0.3862826,0.3616038,0.33344248,0.0,0.0,0.0,0,ALERT
1783185449.2546177,0.3175611,0.4066556,0.36210835,0.37916645,0.0,0.0,0.0,0,ALERT
1783185449.2945416,0.29695553,0.3705757,0.3337656,0.3149375,0.0,0.0,0.0,0,ALERT
1783185449.3108964,0.3230049,0.34925827,0.33613157,0.3490344,0.0,0.0,0.0,0,ALERT
1783185449.3546467,0.280503,0.30226946,0.29138625,0.32881013,0.0,0.0,0.0,0,ALERT
1783185449.3905077,0.33633062,0.35440582,0.3453682,0.31030032,0.0,0.0,0.0,0,ALERT
1783185449.4216437,0.30645338,0.31012964,0.3082915,0.315481,0.0,0.0,0.0,0,ALERT
1783185449.4535322,0.3064145,0.36942282,0.33791867,0.30175915,0.0,0.0,0.0,0,ALERT
1783185449.4856105,0.3148559,0.2696712,0.29226354,0.41117537,0.0,0.0,0.0,0,ALERT
1783185449.5176597,0.3091723,0.41436008,0.3617662,0.3340179,0.0,0.0,0.0,0,ALERT
